ID,Description,damage_Min_ContTime,damage_S_ContTime,damage_M_ContTime,damage_L_ContTime,damage_BlowS_ContTime,damage_BlowM_ContTime,damage_Strike_ContTime,damage_Uppercut_ContTime,damage_Push_ContTime,damage_Breath_ContTime,damage_HeadShot_ContTime,guard_S_ContTime,guard_L_ContTime,guard_LL_ContTime,guardBrake_ContTime,damage_Min_DecTime,damage_S_DecTime,damage_M_DecTime,damage_L_DecTime,damage_BlowS_DecTime,damage_BlowM_DecTime,damage_Strike_DecTime,damage_Uppercut_DecTime,damage_Push_DecTime,damage_Breath_DecTime,damage_HeadShot_DecTime,guard_S_DecTime,guard_L_DecTime,guard_LL_DecTime,guardBrake_DecTime
0,"汎用",0.05999999865889549,0.05999999865889549,0.05999999865889549,0.05000000074505806,0.0,0.0,0.10000000149011612,0.8100000023841858,0.10000000149011612,0.0,0.0,0.05000000074505806,0.019999999552965164,0.0,0.07000000029802322,0.05999999865889549,0.15000000596046448,0.5,1.0,0.0,0.0,0.0,0.18000000715255737,0.8999999761581421,0.0,0.0,0.20000000298023224,0.699999988079071,0.0,0.20000000298023224
1,"PC用",0.05999999865889549,0.05999999865889549,0.23999999463558197,0.10000000149011612,0.0,0.0,0.09000000357627869,0.8100000023841858,0.09000000357627869,0.0,0.0,0.05999999865889549,0.029999999329447746,0.0,0.05999999865889549,0.18000000715255737,0.36000001430511475,0.6000000238418579,1.0,0.0,0.0,0.6000000238418579,0.18000000715255737,0.8100000023841858,0.0,0.0,0.30000001192092896,0.699999988079071,0.0,0.5400000214576721
10,"敵汎用old",0.019999999552965164,0.019999999552965164,0.05000000074505806,0.019999999552965164,0.0,0.0,0.20000000298023224,0.20000000298023224,0.20000000298023224,0.0,0.0,0.019999999552965164,0.019999999552965164,0.0,0.0,0.019999999552965164,0.019999999552965164,0.800000011920929,0.800000011920929,0.0,0.0,0.0,0.0,1.0,0.0,0.0,0.20000000298023224,0.699999988079071,0.0,0.0
