ID,Description,physicsAtkRate,magicAtkRate,fireAtkRate,thunderAtkRate,staminaAtkRate,saWeaponAtkRate,saDurabilityRate,correctStrengthRate,correctAgilityRate,correctMagicRate,correctFaithRate,physicsGuardCutRate,magicGuardCutRate,fireGuardCutRate,thunderGuardCutRate,poisonGuardResistRate,diseaseGuardResistRate,bloodGuardResistRate,curseGuardResistRate,staminaGuardDefRate,spEffectId1,spEffectId2,spEffectId3,residentSpEffectId1,residentSpEffectId2,residentSpEffectId3,materialSetId
0,"通常",1.0,1.0,1.0,1.0,1.0,1.0,1.0,1.0,1.0,1.0,1.0,1.0,1.0,1.0,1.0,1.0,1.0,1.0,1.0,1.0,0,0,0,0,0,0,0
1,"通常＋1",1.100000023841858,1.100000023841858,1.100000023841858,1.100000023841858,1.100000023841858,1.0,1.0,1.0499999523162842,1.0499999523162842,1.0499999523162842,1.0499999523162842,1.0,1.0,1.0,1.0,1.0,1.0,1.0,1.0,1.0,0,0,0,0,0,0,1
2,"通常＋2",1.2000000476837158,1.2000000476837158,1.2000000476837158,1.2000000476837158,1.2000000476837158,1.0,1.0,1.0499999523162842,1.0499999523162842,1.0499999523162842,1.0499999523162842,1.0,1.0,1.0,1.0,1.0,1.0,1.0,1.0,1.0,0,0,0,0,0,0,2
3,"通常＋3",1.2999999523162842,1.2999999523162842,1.2999999523162842,1.2999999523162842,1.2999999523162842,1.0,1.0,1.0499999523162842,1.0499999523162842,1.0499999523162842,1.0499999523162842,1.0,1.0,1.0,1.0,1.0,1.0,1.0,1.0,1.0,0,0,0,0,0,0,3
4,"通常＋4",1.399999976158142,1.399999976158142,1.399999976158142,1.399999976158142,1.399999976158142,1.0,1.0,1.0499999523162842,1.0499999523162842,1.0499999523162842,1.0499999523162842,1.0,1.0,1.0,1.0,1.0,1.0,1.0,1.0,1.0,0,0,0,0,0,0,4
5,"通常＋5",1.600000023841858,1.600000023841858,1.600000023841858,1.600000023841858,1.600000023841858,1.0,1.0,1.100000023841858,1.100000023841858,1.100000023841858,1.100000023841858,1.0,1.0,1.0,1.0,1.0,1.0,1.0,1.0,1.0,0,0,0,0,0,0,5
